,folder-1,folder-2,folder-3,folder-4,folder-5,folder-6,folder-7,folder-8,folder-9,folder-10,total_agreed,total_not_agreed
1-subfolder,12.0,12.0,12.0,10.0,11.0,11.0,11.0,11.0,11.0,12.0,9.0,1.0
2-subfolder,12.0,11.0,12.0,12.0,11.0,12.0,12.0,10.0,11.0,11.0,9.0,1.0
3-subfolder,10.0,12.0,12.0,12.0,11.0,12.0,12.0,11.0,12.0,12.0,9.0,1.0
4-subfolder,12.0,11.0,12.0,11.0,12.0,12.0,10.0,12.0,12.0,12.0,9.0,1.0
5-subfolder,11.0,11.0,12.0,12.0,12.0,11.0,11.0,11.0,12.0,12.0,10.0,0.0
6-subfolder,11.0,11.0,12.0,12.0,12.0,11.0,12.0,12.0,11.0,11.0,10.0,0.0
7-subfolder,12.0,11.0,12.0,12.0,11.0,12.0,11.0,11.0,12.0,12.0,10.0,0.0
8-subfolder,10.0,11.0,12.0,12.0,12.0,11.0,10.0,11.0,11.0,12.0,8.0,2.0
9-subfolder,12.0,11.0,12.0,11.0,11.0,11.0,11.0,12.0,12.0,11.0,10.0,0.0
10-subfolder,11.0,11.0,12.0,11.0,12.0,11.0,12.0,11.0,12.0,12.0,10.0,0.0
11-subfolder,11.0,11.0,12.0,11.0,12.0,11.0,10.0,11.0,11.0,12.0,9.0,1.0
12-subfolder,11.0,11.0,12.0,11.0,12.0,12.0,12.0,12.0,12.0,11.0,10.0,0.0
13-subfolder,12.0,11.0,12.0,12.0,12.0,11.0,12.0,12.0,12.0,12.0,10.0,0.0
14-subfolder,11.0,11.0,12.0,10.0,12.0,12.0,11.0,12.0,12.0,12.0,9.0,1.0
15-subfolder,11.0,11.0,12.0,10.0,12.0,11.0,12.0,12.0,11.0,11.0,9.0,1.0
16-subfolder,12.0,12.0,12.0,11.0,12.0,11.0,11.0,12.0,12.0,11.0,10.0,0.0
17-subfolder,11.0,11.0,12.0,10.0,12.0,12.0,12.0,12.0,11.0,12.0,9.0,1.0
18-subfolder,12.0,11.0,12.0,11.0,11.0,12.0,11.0,12.0,12.0,12.0,10.0,0.0
19-subfolder,11.0,11.0,12.0,11.0,11.0,10.0,12.0,12.0,10.0,12.0,8.0,2.0
20-subfolder,12.0,11.0,12.0,12.0,12.0,11.0,11.0,12.0,12.0,11.0,10.0,0.0
21-subfolder,11.0,10.0,12.0,11.0,12.0,12.0,11.0,12.0,10.0,12.0,8.0,2.0
22-subfolder,11.0,11.0,12.0,12.0,12.0,11.0,11.0,12.0,12.0,11.0,10.0,0.0
23-subfolder,12.0,12.0,12.0,12.0,11.0,11.0,11.0,11.0,11.0,12.0,10.0,0.0
24-subfolder,11.0,11.0,12.0,11.0,11.0,12.0,11.0,12.0,12.0,12.0,10.0,0.0
25-subfolder,12.0,11.0,12.0,12.0,12.0,12.0,11.0,12.0,12.0,12.0,10.0,0.0
26-subfolder,11.0,11.0,12.0,12.0,12.0,11.0,12.0,12.0,12.0,12.0,10.0,0.0
27-subfolder,11.0,11.0,12.0,11.0,12.0,12.0,11.0,12.0,12.0,11.0,10.0,0.0
28-subfolder,11.0,11.0,12.0,12.0,12.0,12.0,12.0,12.0,12.0,12.0,10.0,0.0
29-subfolder,11.0,11.0,12.0,12.0,12.0,12.0,12.0,12.0,12.0,11.0,10.0,0.0
30-subfolder,12.0,11.0,12.0,12.0,11.0,12.0,11.0,11.0,11.0,12.0,10.0,0.0
31-subfolder,12.0,11.0,12.0,11.0,11.0,11.0,11.0,12.0,12.0,11.0,10.0,0.0
32-subfolder,11.0,11.0,12.0,11.0,12.0,11.0,11.0,12.0,12.0,12.0,10.0,0.0
33-subfolder,11.0,11.0,12.0,11.0,12.0,11.0,12.0,11.0,11.0,11.0,10.0,0.0
34-subfolder,11.0,11.0,12.0,11.0,11.0,11.0,11.0,12.0,11.0,11.0,10.0,0.0
35-subfolder,10.0,11.0,12.0,11.0,11.0,11.0,11.0,12.0,11.0,12.0,9.0,1.0
36-subfolder,11.0,10.0,12.0,11.0,11.0,12.0,12.0,12.0,11.0,12.0,9.0,1.0
37-subfolder,11.0,11.0,12.0,11.0,12.0,12.0,12.0,11.0,12.0,12.0,10.0,0.0
38-subfolder,11.0,11.0,12.0,11.0,11.0,11.0,11.0,11.0,11.0,12.0,10.0,0.0
39-subfolder,12.0,11.0,12.0,11.0,12.0,11.0,11.0,11.0,12.0,12.0,10.0,0.0
40-subfolder,12.0,12.0,12.0,12.0,12.0,11.0,11.0,11.0,12.0,11.0,10.0,0.0
41-subfolder,12.0,11.0,12.0,11.0,12.0,11.0,11.0,11.0,12.0,12.0,10.0,0.0
42-subfolder,11.0,11.0,12.0,11.0,12.0,11.0,11.0,11.0,11.0,11.0,10.0,0.0
43-subfolder,11.0,12.0,12.0,11.0,12.0,11.0,11.0,12.0,12.0,12.0,10.0,0.0
44-subfolder,12.0,11.0,12.0,11.0,11.0,11.0,12.0,12.0,12.0,12.0,10.0,0.0
45-subfolder,12.0,11.0,12.0,11.0,11.0,11.0,11.0,11.0,12.0,12.0,10.0,0.0
46-subfolder,12.0,12.0,12.0,11.0,10.0,11.0,11.0,11.0,11.0,12.0,9.0,1.0
47-subfolder,12.0,11.0,12.0,11.0,12.0,12.0,11.0,11.0,11.0,12.0,10.0,0.0
48-subfolder,12.0,11.0,12.0,11.0,12.0,11.0,11.0,11.0,12.0,12.0,10.0,0.0
49-subfolder,12.0,11.0,12.0,11.0,12.0,12.0,11.0,12.0,12.0,12.0,10.0,0.0
50-subfolder,12.0,11.0,12.0,11.0,12.0,12.0,11.0,11.0,12.0,12.0,10.0,0.0
51-subfolder,12.0,11.0,12.0,11.0,12.0,11.0,11.0,12.0,11.0,11.0,10.0,0.0
52-subfolder,12.0,11.0,12.0,11.0,12.0,12.0,11.0,12.0,12.0,11.0,10.0,0.0
53-subfolder,12.0,11.0,12.0,11.0,11.0,11.0,11.0,11.0,11.0,12.0,10.0,0.0
54-subfolder,12.0,11.0,12.0,11.0,12.0,11.0,11.0,12.0,12.0,12.0,10.0,0.0
55-subfolder,12.0,11.0,12.0,11.0,12.0,12.0,11.0,12.0,11.0,12.0,10.0,0.0
56-subfolder,12.0,10.0,12.0,11.0,12.0,10.0,11.0,11.0,12.0,11.0,8.0,2.0
57-subfolder,12.0,11.0,12.0,11.0,12.0,11.0,11.0,11.0,12.0,12.0,10.0,0.0
58-subfolder,11.0,11.0,12.0,11.0,12.0,11.0,11.0,12.0,12.0,11.0,10.0,0.0
59-subfolder,12.0,11.0,12.0,11.0,12.0,11.0,11.0,12.0,11.0,12.0,10.0,0.0
60-subfolder,12.0,11.0,12.0,11.0,12.0,12.0,12.0,12.0,10.0,12.0,9.0,1.0
61-subfolder,11.0,10.0,12.0,11.0,11.0,11.0,12.0,11.0,11.0,11.0,9.0,1.0
62-subfolder,12.0,11.0,12.0,11.0,12.0,11.0,12.0,11.0,11.0,12.0,10.0,0.0
63-subfolder,12.0,11.0,12.0,11.0,11.0,11.0,11.0,12.0,11.0,12.0,10.0,0.0
64-subfolder,12.0,11.0,12.0,11.0,11.0,11.0,11.0,12.0,11.0,12.0,10.0,0.0
65-subfolder,11.0,11.0,12.0,11.0,12.0,11.0,11.0,11.0,11.0,12.0,10.0,0.0
66-subfolder,12.0,11.0,12.0,11.0,12.0,12.0,11.0,11.0,10.0,12.0,9.0,1.0
67-subfolder,12.0,11.0,12.0,11.0,12.0,11.0,11.0,11.0,11.0,11.0,10.0,0.0
68-subfolder,12.0,11.0,12.0,11.0,11.0,11.0,11.0,11.0,11.0,12.0,10.0,0.0
69-subfolder,12.0,11.0,12.0,11.0,11.0,11.0,11.0,12.0,11.0,12.0,10.0,0.0
70-subfolder,12.0,12.0,12.0,11.0,12.0,11.0,11.0,12.0,12.0,12.0,10.0,0.0
71-subfolder,12.0,11.0,12.0,11.0,12.0,11.0,11.0,12.0,11.0,12.0,10.0,0.0
72-subfolder,12.0,11.0,12.0,12.0,12.0,11.0,11.0,11.0,11.0,12.0,10.0,0.0
73-subfolder,12.0,11.0,12.0,11.0,11.0,11.0,12.0,11.0,11.0,12.0,10.0,0.0
74-subfolder,12.0,11.0,12.0,11.0,12.0,12.0,11.0,11.0,12.0,12.0,10.0,0.0
75-subfolder,12.0,11.0,12.0,11.0,12.0,11.0,11.0,12.0,12.0,12.0,10.0,0.0
76-subfolder,12.0,11.0,12.0,11.0,12.0,11.0,12.0,11.0,11.0,12.0,10.0,0.0
77-subfolder,12.0,11.0,12.0,11.0,11.0,11.0,11.0,11.0,11.0,12.0,10.0,0.0
78-subfolder,12.0,11.0,12.0,11.0,12.0,11.0,11.0,11.0,11.0,12.0,10.0,0.0
79-subfolder,12.0,11.0,12.0,11.0,12.0,11.0,11.0,12.0,12.0,12.0,10.0,0.0
80-subfolder,12.0,11.0,12.0,12.0,11.0,11.0,11.0,12.0,12.0,12.0,10.0,0.0
81-subfolder,12.0,12.0,12.0,11.0,12.0,11.0,11.0,12.0,11.0,11.0,10.0,0.0
82-subfolder,11.0,11.0,12.0,11.0,11.0,11.0,11.0,11.0,12.0,12.0,10.0,0.0
83-subfolder,12.0,11.0,12.0,11.0,12.0,12.0,10.0,12.0,12.0,11.0,9.0,1.0
84-subfolder,11.0,11.0,12.0,11.0,11.0,11.0,11.0,11.0,12.0,12.0,10.0,0.0
85-subfolder,12.0,11.0,12.0,11.0,12.0,11.0,11.0,12.0,12.0,11.0,10.0,0.0
86-subfolder,12.0,11.0,12.0,11.0,12.0,12.0,11.0,12.0,11.0,11.0,10.0,0.0
87-subfolder,12.0,11.0,12.0,11.0,12.0,12.0,11.0,12.0,12.0,12.0,10.0,0.0
88-subfolder,12.0,11.0,12.0,11.0,12.0,11.0,11.0,11.0,12.0,12.0,10.0,0.0
89-subfolder,11.0,11.0,12.0,11.0,11.0,12.0,11.0,11.0,11.0,11.0,10.0,0.0
90-subfolder,12.0,12.0,12.0,11.0,11.0,11.0,12.0,12.0,11.0,12.0,10.0,0.0
91-subfolder,11.0,11.0,12.0,11.0,11.0,12.0,11.0,12.0,11.0,11.0,10.0,0.0
92-subfolder,11.0,11.0,12.0,11.0,11.0,11.0,11.0,12.0,12.0,12.0,10.0,0.0
93-subfolder,12.0,11.0,12.0,11.0,12.0,12.0,12.0,11.0,12.0,11.0,10.0,0.0
94-subfolder,11.0,11.0,12.0,11.0,11.0,12.0,11.0,11.0,12.0,11.0,10.0,0.0
95-subfolder,12.0,10.0,12.0,11.0,12.0,12.0,10.0,11.0,12.0,12.0,8.0,2.0
96-subfolder,12.0,11.0,12.0,12.0,11.0,12.0,11.0,11.0,10.0,12.0,9.0,1.0
97-subfolder,12.0,11.0,12.0,11.0,12.0,12.0,11.0,12.0,11.0,12.0,10.0,0.0
98-subfolder,12.0,11.0,12.0,11.0,11.0,11.0,11.0,12.0,10.0,11.0,9.0,1.0
99-subfolder,12.0,12.0,12.0,11.0,12.0,12.0,11.0,11.0,11.0,12.0,10.0,0.0
100-subfolder,12.0,11.0,11.0,11.0,12.0,12.0,11.0,11.0,12.0,12.0,10.0,0.0
101-subfolder,12.0,11.0,12.0,11.0,12.0,11.0,11.0,10.0,11.0,12.0,9.0,1.0
102-subfolder,12.0,12.0,12.0,11.0,11.0,12.0,10.0,12.0,12.0,12.0,9.0,1.0
103-subfolder,12.0,12.0,12.0,11.0,12.0,11.0,12.0,12.0,12.0,12.0,10.0,0.0
104-subfolder,11.0,11.0,12.0,11.0,12.0,12.0,11.0,11.0,11.0,12.0,10.0,0.0
105-subfolder,12.0,11.0,12.0,11.0,11.0,11.0,11.0,12.0,12.0,11.0,10.0,0.0
106-subfolder,12.0,12.0,12.0,11.0,12.0,12.0,11.0,12.0,11.0,12.0,10.0,0.0
107-subfolder,12.0,11.0,12.0,11.0,12.0,11.0,11.0,12.0,12.0,12.0,10.0,0.0
108-subfolder,12.0,11.0,12.0,11.0,12.0,11.0,10.0,12.0,11.0,11.0,9.0,1.0
109-subfolder,12.0,11.0,12.0,11.0,12.0,11.0,11.0,11.0,11.0,11.0,10.0,0.0
110-subfolder,12.0,11.0,12.0,11.0,12.0,12.0,11.0,11.0,12.0,11.0,10.0,0.0
111-subfolder,12.0,11.0,12.0,11.0,12.0,11.0,11.0,11.0,12.0,12.0,10.0,0.0
112-subfolder,11.0,11.0,12.0,11.0,12.0,12.0,11.0,11.0,12.0,11.0,10.0,0.0
113-subfolder,12.0,11.0,12.0,11.0,12.0,11.0,10.0,11.0,11.0,12.0,9.0,1.0
114-subfolder,12.0,11.0,12.0,11.0,12.0,11.0,10.0,12.0,11.0,12.0,9.0,1.0
115-subfolder,12.0,11.0,12.0,11.0,11.0,12.0,11.0,11.0,11.0,12.0,10.0,0.0
116-subfolder,12.0,11.0,12.0,11.0,12.0,11.0,11.0,12.0,11.0,12.0,10.0,0.0
117-subfolder,12.0,10.0,12.0,11.0,11.0,11.0,11.0,12.0,12.0,12.0,9.0,1.0
118-subfolder,12.0,10.0,12.0,11.0,12.0,12.0,11.0,12.0,11.0,11.0,9.0,1.0
119-subfolder,12.0,11.0,12.0,11.0,11.0,12.0,10.0,11.0,12.0,12.0,9.0,1.0
120-subfolder,12.0,12.0,12.0,11.0,12.0,11.0,11.0,12.0,11.0,12.0,10.0,0.0
121-subfolder,11.0,12.0,12.0,11.0,11.0,11.0,11.0,11.0,12.0,11.0,10.0,0.0
122-subfolder,12.0,12.0,12.0,11.0,12.0,12.0,11.0,12.0,11.0,12.0,10.0,0.0
123-subfolder,12.0,10.0,12.0,11.0,12.0,12.0,11.0,11.0,11.0,12.0,9.0,1.0
124-subfolder,12.0,11.0,12.0,11.0,11.0,11.0,11.0,11.0,11.0,12.0,10.0,0.0
125-subfolder,12.0,12.0,12.0,11.0,11.0,11.0,11.0,11.0,11.0,11.0,10.0,0.0
126-subfolder,11.0,10.0,12.0,11.0,12.0,11.0,11.0,12.0,11.0,12.0,9.0,1.0
127-subfolder,12.0,11.0,12.0,11.0,12.0,11.0,11.0,11.0,11.0,12.0,10.0,0.0
128-subfolder,11.0,12.0,12.0,11.0,11.0,11.0,11.0,11.0,11.0,12.0,10.0,0.0
129-subfolder,12.0,11.0,12.0,11.0,11.0,11.0,11.0,11.0,12.0,12.0,10.0,0.0
130-subfolder,11.0,11.0,12.0,11.0,12.0,11.0,12.0,11.0,12.0,12.0,10.0,0.0
131-subfolder,12.0,11.0,12.0,11.0,12.0,11.0,11.0,11.0,11.0,11.0,10.0,0.0
132-subfolder,12.0,11.0,12.0,11.0,11.0,11.0,12.0,11.0,12.0,12.0,10.0,0.0
133-subfolder,12.0,11.0,12.0,11.0,12.0,11.0,12.0,11.0,12.0,12.0,10.0,0.0
134-subfolder,12.0,11.0,12.0,11.0,11.0,12.0,11.0,12.0,11.0,12.0,10.0,0.0
135-subfolder,12.0,11.0,12.0,11.0,12.0,11.0,11.0,11.0,12.0,12.0,10.0,0.0
136-subfolder,12.0,11.0,12.0,11.0,12.0,11.0,12.0,11.0,10.0,11.0,9.0,1.0
137-subfolder,12.0,11.0,12.0,11.0,11.0,11.0,12.0,11.0,12.0,12.0,10.0,0.0
138-subfolder,12.0,10.0,12.0,11.0,12.0,11.0,12.0,11.0,11.0,12.0,9.0,1.0
139-subfolder,11.0,11.0,12.0,11.0,12.0,11.0,12.0,11.0,12.0,12.0,10.0,0.0
140-subfolder,12.0,11.0,12.0,11.0,11.0,12.0,12.0,12.0,11.0,12.0,10.0,0.0
141-subfolder,12.0,11.0,12.0,11.0,11.0,11.0,12.0,10.0,12.0,12.0,9.0,1.0
142-subfolder,11.0,11.0,12.0,11.0,12.0,11.0,12.0,11.0,11.0,12.0,10.0,0.0
143-subfolder,11.0,10.0,12.0,11.0,12.0,11.0,12.0,11.0,12.0,12.0,9.0,1.0
144-subfolder,12.0,11.0,12.0,11.0,12.0,11.0,10.0,11.0,12.0,12.0,9.0,1.0
145-subfolder,11.0,11.0,12.0,11.0,12.0,11.0,12.0,12.0,10.0,12.0,9.0,1.0
146-subfolder,12.0,10.0,12.0,11.0,12.0,11.0,11.0,12.0,11.0,12.0,9.0,1.0
147-subfolder,12.0,11.0,12.0,11.0,12.0,11.0,11.0,12.0,11.0,12.0,10.0,0.0
148-subfolder,12.0,11.0,12.0,11.0,11.0,11.0,11.0,11.0,11.0,12.0,10.0,0.0
149-subfolder,12.0,12.0,12.0,11.0,11.0,10.0,12.0,11.0,12.0,11.0,9.0,1.0
150-subfolder,12.0,11.0,12.0,11.0,11.0,11.0,11.0,11.0,11.0,12.0,10.0,0.0
151-subfolder,11.0,11.0,12.0,11.0,12.0,12.0,12.0,11.0,12.0,11.0,10.0,0.0
152-subfolder,12.0,11.0,12.0,11.0,12.0,11.0,11.0,12.0,12.0,12.0,10.0,0.0
153-subfolder,11.0,12.0,12.0,11.0,12.0,11.0,12.0,12.0,11.0,12.0,10.0,0.0
154-subfolder,12.0,12.0,12.0,11.0,12.0,11.0,12.0,12.0,11.0,12.0,10.0,0.0
155-subfolder,11.0,11.0,12.0,11.0,12.0,11.0,12.0,12.0,12.0,12.0,10.0,0.0
156-subfolder,11.0,11.0,12.0,11.0,12.0,10.0,12.0,11.0,11.0,12.0,9.0,1.0
157-subfolder,11.0,11.0,12.0,11.0,12.0,11.0,11.0,11.0,11.0,12.0,10.0,0.0
158-subfolder,12.0,11.0,12.0,11.0,12.0,11.0,11.0,12.0,11.0,12.0,10.0,0.0
159-subfolder,11.0,11.0,12.0,11.0,12.0,12.0,12.0,12.0,11.0,12.0,10.0,0.0
160-subfolder,12.0,10.0,12.0,11.0,11.0,10.0,12.0,11.0,12.0,12.0,8.0,2.0
161-subfolder,11.0,11.0,12.0,11.0,12.0,12.0,11.0,11.0,12.0,12.0,10.0,0.0
162-subfolder,12.0,11.0,12.0,11.0,12.0,11.0,12.0,11.0,12.0,12.0,10.0,0.0
163-subfolder,12.0,12.0,12.0,11.0,12.0,11.0,12.0,11.0,11.0,12.0,10.0,0.0
164-subfolder,12.0,12.0,12.0,11.0,11.0,11.0,11.0,12.0,12.0,12.0,10.0,0.0
165-subfolder,12.0,11.0,12.0,11.0,12.0,11.0,11.0,12.0,12.0,12.0,10.0,0.0
166-subfolder,11.0,12.0,12.0,11.0,12.0,12.0,11.0,12.0,12.0,12.0,10.0,0.0
167-subfolder,12.0,11.0,12.0,11.0,11.0,11.0,12.0,12.0,12.0,12.0,10.0,0.0
168-subfolder,12.0,12.0,12.0,11.0,12.0,11.0,11.0,12.0,11.0,12.0,10.0,0.0
169-subfolder,12.0,10.0,12.0,11.0,11.0,12.0,12.0,12.0,11.0,11.0,9.0,1.0
170-subfolder,12.0,12.0,12.0,11.0,12.0,11.0,11.0,12.0,11.0,12.0,10.0,0.0
171-subfolder,12.0,12.0,12.0,11.0,11.0,10.0,11.0,12.0,11.0,12.0,9.0,1.0
172-subfolder,12.0,11.0,12.0,11.0,12.0,12.0,11.0,12.0,12.0,12.0,10.0,0.0
173-subfolder,12.0,11.0,12.0,11.0,12.0,11.0,11.0,12.0,12.0,12.0,10.0,0.0
174-subfolder,12.0,10.0,12.0,11.0,11.0,11.0,12.0,12.0,11.0,12.0,9.0,1.0
175-subfolder,12.0,12.0,12.0,11.0,11.0,12.0,11.0,12.0,12.0,12.0,10.0,0.0
176-subfolder,12.0,11.0,12.0,11.0,11.0,11.0,11.0,12.0,11.0,12.0,10.0,0.0
177-subfolder,12.0,11.0,12.0,11.0,12.0,12.0,12.0,11.0,12.0,12.0,10.0,0.0
178-subfolder,12.0,11.0,12.0,11.0,11.0,11.0,12.0,12.0,11.0,12.0,10.0,0.0
179-subfolder,12.0,10.0,12.0,11.0,12.0,11.0,12.0,12.0,12.0,12.0,9.0,1.0
180-subfolder,12.0,11.0,12.0,11.0,12.0,11.0,12.0,12.0,11.0,12.0,10.0,0.0
181-subfolder,12.0,10.0,12.0,11.0,12.0,12.0,11.0,11.0,12.0,12.0,9.0,1.0
182-subfolder,12.0,11.0,12.0,11.0,11.0,11.0,12.0,12.0,11.0,11.0,10.0,0.0
183-subfolder,12.0,11.0,12.0,11.0,11.0,11.0,11.0,11.0,11.0,12.0,10.0,0.0
184-subfolder,12.0,11.0,12.0,11.0,12.0,11.0,12.0,11.0,12.0,12.0,10.0,0.0
185-subfolder,12.0,11.0,12.0,11.0,11.0,10.0,11.0,12.0,12.0,12.0,9.0,1.0
186-subfolder,12.0,11.0,12.0,11.0,12.0,11.0,11.0,11.0,12.0,12.0,10.0,0.0
187-subfolder,11.0,11.0,12.0,11.0,11.0,11.0,12.0,12.0,11.0,11.0,10.0,0.0
188-subfolder,11.0,11.0,12.0,11.0,11.0,11.0,12.0,12.0,12.0,12.0,10.0,0.0
189-subfolder,12.0,11.0,12.0,11.0,12.0,11.0,12.0,12.0,12.0,12.0,10.0,0.0
190-subfolder,11.0,11.0,12.0,11.0,12.0,11.0,11.0,12.0,11.0,12.0,10.0,0.0
191-subfolder,12.0,11.0,12.0,11.0,11.0,12.0,12.0,12.0,12.0,11.0,10.0,0.0
192-subfolder,12.0,11.0,12.0,11.0,12.0,11.0,12.0,12.0,11.0,12.0,10.0,0.0
193-subfolder,12.0,11.0,12.0,11.0,12.0,11.0,11.0,12.0,11.0,12.0,10.0,0.0
194-subfolder,12.0,11.0,12.0,11.0,11.0,11.0,11.0,11.0,11.0,12.0,10.0,0.0
195-subfolder,12.0,12.0,12.0,11.0,12.0,11.0,11.0,12.0,12.0,12.0,10.0,0.0
196-subfolder,12.0,12.0,12.0,11.0,12.0,11.0,11.0,11.0,12.0,12.0,10.0,0.0
197-subfolder,11.0,10.0,12.0,11.0,11.0,11.0,11.0,12.0,11.0,12.0,9.0,1.0
198-subfolder,12.0,12.0,12.0,11.0,11.0,12.0,11.0,11.0,11.0,12.0,10.0,0.0
199-subfolder,12.0,11.0,12.0,11.0,11.0,12.0,11.0,11.0,11.0,12.0,10.0,0.0
200-subfolder,12.0,10.0,12.0,11.0,12.0,11.0,11.0,10.0,11.0,12.0,8.0,2.0
total_agreed,197.0,181.0,200.0,196.0,199.0,193.0,189.0,196.0,192.0,200.0,1943.0,0.0
total_not_agreed,3.0,19.0,0.0,4.0,1.0,7.0,11.0,4.0,8.0,0.0,0.0,57.0
